n,codigo_de_acceso
1,LMY-Y7KQ2
2,LMY-DMAB2
3,LMY-6D6AB
4,LMY-4N8KG
5,LMY-AN384
6,LMY-3KEPN
7,LMY-WVWYG
8,LMY-YQS46
9,LMY-VZTUX
10,LMY-T9UVA
11,LMY-KE43A
12,LMY-QSTCA
13,LMY-Z8SG6
14,LMY-TQBZJ
15,LMY-Q4B69
16,LMY-3P34F
17,LMY-JXEFD
18,LMY-7BHEY
19,LMY-GK26T
20,LMY-FR6U7
21,LMY-8ZJ3W
22,LMY-JYXQV
23,LMY-NDK6M
24,LMY-DC67S
25,LMY-5AANE
26,LMY-DZ7EV
27,LMY-4QD8T
28,LMY-TV5WC
29,LMY-P6MCS
30,LMY-AZY65
31,LMY-9FTDP
32,LMY-M4EH9
33,LMY-7BX65
34,LMY-587ME
35,LMY-J96E7
36,LMY-4AD83
37,LMY-B9JKA
38,LMY-VJYC3
39,LMY-QY64A
40,LMY-V8NRB
41,LMY-4DV3H
42,LMY-FJXNB
43,LMY-WH9U8
44,LMY-K33ZR
45,LMY-QJN9F
46,LMY-QBVG6
47,LMY-92P4F
48,LMY-VHSZS
49,LMY-EFPMK
50,LMY-MSP7F
51,LMY-23R5V
52,LMY-GJ98B
53,LMY-ZBYK6
54,LMY-MWR97
55,LMY-RD2K2
56,LMY-3EHQ3
57,LMY-U4CTX
58,LMY-46T32
59,LMY-QY54T
60,LMY-P4NTP
61,LMY-Y764M
62,LMY-D85DP
63,LMY-QN9YE
64,LMY-8DRS2
65,LMY-9GZQK
66,LMY-EPT27
67,LMY-AUFXY
68,LMY-VUGX3
69,LMY-7DCU4
70,LMY-36CKY
71,LMY-R9VK7
72,LMY-7Z8SA
73,LMY-PGCVX
74,LMY-HWNGH
75,LMY-HEBXE
76,LMY-3B9JG
77,LMY-W9S4U
78,LMY-X63NU
79,LMY-S3627
80,LMY-ZA5J3
81,LMY-BUBQR
82,LMY-T6Q7J
83,LMY-CXFKW
84,LMY-7CNRS
85,LMY-W5UR5
86,LMY-TZ8XV
87,LMY-SKGDS
88,LMY-GZNGY
89,LMY-9CSE3
90,LMY-ZHF26
91,LMY-MANF3
92,LMY-2GPWU
93,LMY-7HSV4
94,LMY-MQK3Q
95,LMY-NS62V
96,LMY-8EQF6
97,LMY-D5H4Q
98,LMY-73SD5
99,LMY-AG5Z6
100,LMY-H5YWS
101,LMY-H86R8
102,LMY-JHZC7
103,LMY-WYQZN
104,LMY-3HWTS
105,LMY-8UEQ8
106,LMY-VJKMQ
107,LMY-MXUCM
108,LMY-7FUFQ
109,LMY-CKAMA
110,LMY-BHPRN
111,LMY-JFKFC
112,LMY-7PFWU
113,LMY-SABKZ
114,LMY-Z749B
115,LMY-PC9BD
116,LMY-59H6W
117,LMY-SM2EW
118,LMY-3EAYB
119,LMY-RR3DS
120,LMY-PC6HR
121,LMY-4C75P
122,LMY-WH8XU
123,LMY-MEQ96
124,LMY-9YNQW
125,LMY-WTEX7
126,LMY-3ZVSP
127,LMY-DH4PK
128,LMY-XVRSA
129,LMY-97TSU
130,LMY-NF83C
131,LMY-8WK8G
132,LMY-4EYXH
133,LMY-DPZB3
134,LMY-42PC3
135,LMY-RCHY7
136,LMY-RMA6E
137,LMY-58FVP
138,LMY-JEY68
139,LMY-CV25B
140,LMY-DRJGA
141,LMY-KE6ZB
142,LMY-R25N6
143,LMY-9UGRQ
144,LMY-7A8NV
145,LMY-ZW9K3
146,LMY-TB429
147,LMY-53A2E
148,LMY-4ZRZE
149,LMY-SKERS
150,LMY-CPP3B
151,LMY-6K4X4
152,LMY-6NGE5
153,LMY-MR9MZ
154,LMY-VR66C
155,LMY-5J4DV
156,LMY-RK4Z2
157,LMY-UR9UD
158,LMY-RE4P9
159,LMY-BNDXB
160,LMY-CQS54
161,LMY-V4PK7
162,LMY-VGF3E
163,LMY-BWKM6
164,LMY-QKA3G
165,LMY-4UC2S
166,LMY-YXUE5
167,LMY-6RXPY
168,LMY-9N9ED
169,LMY-382RN
170,LMY-MUWAK
171,LMY-39JV3
172,LMY-RETWG
173,LMY-MMR39
174,LMY-5FRXJ
175,LMY-M63W7
176,LMY-NNSY8
177,LMY-3WR5B
178,LMY-KXBBU
179,LMY-G9KQH
180,LMY-2S4X6
181,LMY-TJKXJ
182,LMY-6AMF5
183,LMY-SN7D7
184,LMY-R6W96
185,LMY-37FCP
186,LMY-3Y75P
187,LMY-SVHV4
188,LMY-VF9JV
189,LMY-ZEUCD
190,LMY-GUQ4D
191,LMY-9DFJN
192,LMY-BX65C
193,LMY-NFAX8
194,LMY-FYG8V
195,LMY-CX2VU
196,LMY-4PQR9
197,LMY-SAUWS
198,LMY-PEZB2
199,LMY-QR4J2
200,LMY-PU5SU